partition,# samples chosen,observed CVR,# samples recommended,predicted CVR,pred/obs CVR
train,95944,7.7732844159092804e-02,95944,4.8674226632202120e-03,6.2617323679270587e-02
test,41120,7.7675097276264593e-02,41120,5.0583657587548641e-03,6.5122103944896689e-02
