partition,# samples chosen,observed CVR,# samples recommended,predicted CVR,pred/obs CVR
train,88240,1.2048957388939256e-01,88240,1.7404805077062557e-01,1.4445071482317533e+00
test,37817,1.2044847555332258e-01,37817,1.7436602586138508e-01,1.4476399560922062e+00
